Vendedor,Precio,Descuento,Envío,Medio de Pago
No disponible,47399,9% OFF,No especificado,No especificado
No disponible,47499,Sin descuento,No especificado,No especificado
No disponible,47499,9% OFF,No especificado,No especificado
No disponible,47964,20% OFF,No especificado,No especificado
No disponible,49100,Sin descuento,No especificado,No especificado
No disponible,49100,Sin descuento,No especificado,No especificado
No disponible,49100,Sin descuento,No especificado,No especificado
No disponible,49999,37% OFF,No especificado,No especificado
No disponible,52899,16% OFF,No especificado,No especificado
No disponible,52999,15% OFF,No especificado,No especificado
ELECTRO WORLD,56899,16% OFF,Envío gratis a todo el país,Mismo precio en 6 cuotas
ELECTRO WORLD2,56999,16% OFF,Envío gratis a todo el país,Mismo precio en 6 cuotas
UPRINT SHOP,57500,Sin descuento,Envío gratis a todo el país,Paga en cuotas sin interés
Velocity Market,58899,12% OFF,Envío gratis a todo el país,Paga en cuotas sin interés
MATROX-DIGITAL,58918,Sin descuento,Envío gratis a todo el país,Pagá en cuotas
ALNI SHOP,58990,Sin descuento,Envío gratis a todo el país,Pagá en cuotas
PLANETAPRECIOSBAJOSCOM,59280,5% OFF,Envío gratis a todo el país,Pagá en cuotas
ELECTRO WORLD,61199,15% OFF,Envío gratis a todo el país,Mismo precio en 9 cuotas
ELECTRO WORLD2,61299,14% OFF,Envío gratis a todo el país,Mismo precio en 9 cuotas
DINATECH Online,61999,31% OFF,Envío gratis a todo el país,Paga en cuotas sin interés
PANDASHOP_ARG,62800,Sin descuento,Envío gratis a todo el país,Pagá en cuotas
ELECTRO WORLD,64099,17% OFF,Envío gratis a todo el país,Paga en cuotas sin interés
ELECTRO WORLD2,64199,17% OFF,Envío gratis a todo el país,Paga en cuotas sin interés
GI SRL,64300,Sin descuento,Envío gratis a todo el país,Paga en cuotas sin interés
KING KAROL,64540,Sin descuento,Envío gratis a todo el país,Mismo precio en 6 cuotas
Velocity Market,65549,13% OFF,Envío gratis a todo el país,Mismo precio en 6 cuotas
INSUMOS ACUARIO,67913,18% OFF,Envío gratis a todo el país,Pagá en cuotas
ABGIMPORT,68446,Sin descuento,Envío gratis a todo el país,Mismo precio en 6 cuotas
ADE ELECTRONIC,69999,Sin descuento,Envío gratis a todo el país,Pagá en hasta 6 cuotas
LV20240803102617,69999,Sin descuento,Envío gratis a todo el país,Pagá en cuotas
LMJ TECNOLOGIA,70999,Sin descuento,Envío gratis a todo el país,Pagá en hasta 6 cuotas
PCREGISTRADAOK,71369,Sin descuento,Envío gratis a todo el país,Pagá en hasta 6 cuotas
NOVAINFOEXPRESS,71578,Sin descuento,Envío gratis a todo el país,Pagá en cuotas
NOVA-SANTIAGO,71578,Sin descuento,Envío gratis a todo el país,Pagá en hasta 6 cuotas
NOVAINFORMATICASA,71578,Sin descuento,Envío gratis a todo el país,Pagá en cuotas
TIENDA DELTA,71999,Sin descuento,Envío gratis a todo el país,Pagá en cuotas
NETFE STAFE,72000,Sin descuento,Envío gratis a todo el país,No especificado
Velocity Market,72199,16% OFF,Envío gratis a todo el país,Paga en cuotas sin interés
WWW.POWERPC.COM.AR,72599,Sin descuento,Envío gratis a todo el país,Pagá en cuotas
E-POWERPC,72599,Sin descuento,Envío gratis a todo el país,Pagá en hasta 6 cuotas
No disponible,72800,Sin descuento,No especificado,No especificado
No disponible,74950,Sin descuento,No especificado,No especificado
No disponible,74999,Sin descuento,No especificado,No especificado
No disponible,74999,Sin descuento,No especificado,No especificado
No disponible,75999,Sin descuento,No especificado,No especificado
No disponible,76999,Sin descuento,No especificado,No especificado
No disponible,79599,Sin descuento,No especificado,No especificado
No disponible,79624,20% OFF,No especificado,No especificado
No disponible,79800,Sin descuento,No especificado,No especificado
No disponible,79900,Sin descuento,No especificado,No especificado
No disponible,79999,Sin descuento,No especificado,No especificado
No disponible,79999,Sin descuento,No especificado,No especificado
No disponible,79999,20% OFF,No especificado,No especificado
No disponible,80000,Sin descuento,No especificado,No especificado
No disponible,80749,15% OFF,No especificado,No especificado
No disponible,80999,Sin descuento,No especificado,No especificado
No disponible,81386,20% OFF,No especificado,No especificado
No disponible,84065,Sin descuento,No especificado,No especificado
No disponible,84200,Sin descuento,No especificado,No especificado
No disponible,84891,Sin descuento,No especificado,No especificado
No disponible,84891,Sin descuento,No especificado,No especificado
No disponible,84891,Sin descuento,No especificado,No especificado
No disponible,85499,5% OFF,No especificado,No especificado
No disponible,85999,Sin descuento,No especificado,No especificado
No disponible,89524,20% OFF,No especificado,No especificado
No disponible,95000,Sin descuento,No especificado,No especificado
No disponible,96599,Sin descuento,No especificado,No especificado
No disponible,98549,Sin descuento,No especificado,No especificado
No disponible,99999,Sin descuento,No especificado,No especificado
No disponible,103999,Sin descuento,No especificado,No especificado
XP.INFORMATICA.LA.PLATA,105000,Sin descuento,Envío gratis a todo el país,No especificado
VIDEOGAMERS_,106250,Sin descuento,Envío gratis a todo el país,Pagá en cuotas
S2GTO,107999,Sin descuento,Envío gratis a todo el país,Paga en cuotas sin interés
DINATECH Online,109999,Sin descuento,Envío gratis a todo el país,Mismo precio en 12 cuotas
Bidcom,110299,Sin descuento,Envío gratis a todo el país,Paga en cuotas sin interés
EC ELECTRONICA,110999,Sin descuento,Envío gratis a todo el país,Paga en cuotas sin interés
DINASTIAR,113500,Sin descuento,Envío gratis a todo el país,Pagá en cuotas
SEVEN ELECTRONICS,122779,Sin descuento,Envío gratis a todo el país,Pagá en hasta 6 cuotas
XANTUS S.A.,122785,Sin descuento,Envío gratis a todo el país,Pagá en hasta 6 cuotas
ISERN HOGAR,123250,Sin descuento,Envío gratis a todo el país,Pagá en hasta 6 cuotas
No disponible,130000,Sin descuento,No especificado,No especificado
No disponible,136327,Sin descuento,No especificado,No especificado
No disponible,159250,Sin descuento,No especificado,No especificado
No disponible,181999,Sin descuento,No especificado,No especificado
No disponible,62750,Sin descuento,No especificado,No especificado
No disponible,99052,Sin descuento,No especificado,No especificado
No disponible,130000,Sin descuento,No especificado,No especificado

