ELECTRO WORLD,47399,9% OFF,Pagá en cuotas
TIENDATECNOINGSRL,47499,Sin descuento,Pagá en hasta 6 cuotas
ELECTRO WORLD2,47499,9% OFF,Pagá en cuotas
Velocity Market,47964,20% OFF,Pagá en cuotas
GI SRL,49100,Sin descuento,Pagá en cuotas
TIENDANUBESRL,49100,Sin descuento,Pagá en hasta 6 cuotas
DIGICOM ELECTRONICA,49100,Sin descuento,Pagá en cuotas
DINATECH Online,49999,37% OFF,Pagá en cuotas
ELECTRO WORLD,52899,16% OFF,Mismo precio en 3 cuotas
ELECTRO WORLD2,52999,15% OFF,Mismo precio en 3 cuotas
ELECTRO WORLD,56899,16% OFF,Paga en cuotas sin interés
ELECTRO WORLD2,56999,16% OFF,Mismo precio en 6 cuotas
UPRINT SHOP,57500,Sin descuento,Paga en cuotas sin interés
Velocity Market,58899,12% OFF,Paga en cuotas sin interés
MATROX-DIGITAL,58918,Sin descuento,Pagá en hasta 6 cuotas
ALNI SHOP,58990,Sin descuento,Pagá en hasta 6 cuotas
PLANETAPRECIOSBAJOSCOM,59280,5% OFF,Pagá en hasta 6 cuotas
ELECTRO WORLD,61199,15% OFF,Mismo precio en 9 cuotas
ELECTRO WORLD2,61299,14% OFF,Mismo precio en 9 cuotas
DINATECH Online,61999,31% OFF,Paga en cuotas sin interés
PANDASHOP,62800,Sin descuento,Pagá en hasta 6 cuotas
ELECTRO WORLD,64099,17% OFF,Paga en cuotas sin interés
ELECTRO WORLD2,64199,17% OFF,Mismo precio en 12 cuotas
GI SRL,64300,Sin descuento,Paga en cuotas sin interés
KING KAROL,64540,Sin descuento,Mismo precio en 6 cuotas
Velocity Market,65549,13% OFF,Paga en cuotas sin interés
INSUMOS ACUARIO,67913,18% OFF,Pagá en hasta 6 cuotas
ABGIMPORT,68446,Sin descuento,Paga en cuotas sin interés
ADE ELECTRONIC,69999,Sin descuento,Pagá en hasta 6 cuotas
LV20240803102617,69999,Sin descuento,Pagá en hasta 6 cuotas
LMJ TECNOLOGIA,70999,Sin descuento,Pagá en hasta 6 cuotas
PCREGISTRADA,71369,Sin descuento,Pagá en hasta 6 cuotas
NOVAINFOEXPRESS,71578,Sin descuento,Pagá en hasta 6 cuotas
NOVA-SANTIAGO,71578,Sin descuento,Pagá en cuotas
NOVAINFORMATICASA,71578,Sin descuento,Pagá en cuotas
TIENDA DELTA,71999,Sin descuento,Pagá en cuotas
NETFE STAFE,72000,Sin descuento,Cuota promocionada
Velocity Market,72199,16% OFF,Paga en cuotas sin interés
WWW.POWERPC.COM.AR,72599,Sin descuento,Pagá en hasta 6 cuotas
E-POWERPC,72599,Sin descuento,Pagá en cuotas
SAMBATECH,72800,Sin descuento,Paga en cuotas sin interés
KING KAROL,74950,Sin descuento,Mismo precio en 9 cuotas
Punto Digital,74999,Sin descuento,Mismo precio en 3 cuotas
MBSINFORMATIC,74999,Sin descuento,Pagá en cuotas
TIENDABA_GBA.COM.AR,75999,Sin descuento,Pagá en hasta 6 cuotas
SCHOOLSUPPLY,76999,Sin descuento,Pagá en cuotas
Bidcom,79599,Sin descuento,Pagá en hasta 6 cuotas
Computacion Paso del Rey,79624,20% OFF,Pagá en cuotas
SAMBATECH,79800,Sin descuento,Paga en cuotas sin interés
DETODOINFORMATICAROSARIO,79900,Sin descuento,Paga en cuotas sin interés
Roku,79999,Sin descuento,Paga en cuotas sin interés
binary store,79999,Sin descuento,Mismo precio en 6 cuotas
Aguirrezabala Hogar,79999,20% OFF,Pagá en hasta 6 cuotas
Importbernal,80000,Sin descuento,Pagá en hasta 6 cuotas
Velocity Market,80749,15% OFF,Mismo precio en 12 cuotas
FASTMARKETARG,80999,Sin descuento,Pagá en cuotas
ENTRENO,81386,20% OFF,Pagá en hasta 6 cuotas
Puerto Digital,84065,Sin descuento,Cuota promocionada
SAMBATECH,84200,Sin descuento,Paga en cuotas sin interés
NOVAINFOEXPRESS,84891,Sin descuento,Mismo precio en 6 cuotas
NOVA-SANTIAGO,84891,Sin descuento,Mismo precio en 6 cuotas
NOVAINFORMATICASA,84891,Sin descuento,Paga en cuotas sin interés
BISNESTEAM,85499,5% OFF,Pagá en cuotas
TECNOCOMPRO.,85999,Sin descuento,Cuota promocionada
ENTRENO,89524,20% OFF,Mismo precio en 3 cuotas
ROMERAFABIAN,95000,Sin descuento,Pagá en hasta 6 cuotas
LAMEJORSOLUCION,96599,Sin descuento,Pagá en cuotas
Bidcom,98549,Sin descuento,Mismo precio en 6 cuotas
FENIXCORP SRL,99999,Sin descuento,Paga en cuotas sin interés
FASTMARKETARG,103999,Sin descuento,Mismo precio en 6 cuotas
XP.INFORMATICA.LA.PLATA,105000,Sin descuento,Pagá en cuotas
VIDEOGAMERS_,106250,Sin descuento,Pagá en cuotas
Roku,107999,Sin descuento,Paga en cuotas sin interés
DINATECH Online,109999,Sin descuento,Paga en cuotas sin interés
Bidcom,110299,Sin descuento,Mismo precio en 9 cuotas
EC ELECTRONICA,110999,Sin descuento,Paga en cuotas sin interés
DINASTIAR,113500,Sin descuento,Pagá en hasta 6 cuotas
SEVEN ELECTRONICS,122779,Sin descuento,Pagá en cuotas
XANTUS S.A.,122785,Sin descuento,Pagá en hasta 6 cuotas
ISERN HOGAR,123250,Sin descuento,Pagá en hasta 6 cuotas
DYALLMUSIC,130000,Sin descuento,Pagá en hasta 6 cuotas
TIENDA DELTA,136327,Sin descuento,Paga en cuotas sin interés
STOCKON.NAHUELOLIVERA,159250,Sin descuento,Pagá en hasta 6 cuotas
STOCKON.NAHUELOLIVERA,181999,Sin descuento,Paga en cuotas sin interés
DRP.IMPORTS,62750,Sin descuento,Pagá en hasta 6 cuotas
audiovisionelectronica,99052,Sin descuento,Pagá en cuotas
ARIESVCPDIGITAL,130000,Sin descuento,Pagá en cuotas
